PromotionActive,Avg_Daily_Sales,Total_Sales,Observations
"""No""",6328.18763311665,1482612096,234287
"""Yes""",7197.05160224309,4390568527,610051
